{"count":1,"self":396.83077119999996,"total":14263.0560285,"children":{"InitializeActuators":{"count":48,"self":0.0009994,"total":0.0009994,"children":null},"InitializeSensors":{"count":48,"self":0.0031428999999999997,"total":0.0031428999999999997,"children":null},"AgentSendState":{"count":846267,"self":655.5147776,"total":1027.2920523999999,"children":{"CollectObservations":{"count":8125680,"self":10.3921624,"total":10.3921624,"children":null},"WriteActionMask":{"count":8125680,"self":2.3262364,"total":2.3262362999999997,"children":null},"RequestDecision":{"count":8125680,"self":5.7333944,"total":359.0588808,"children":{"AgentInfo.ToProto":{"count":8125680,"self":6.4326452,"total":353.3254865,"children":{"GenerateSensorData":{"count":8125680,"self":300.09349119999996,"total":346.8928413,"children":{"RayPerceptionSensor.Perceive":{"count":32502720,"self":46.7993472,"total":46.7993488,"children":null}}}}}}}}},"DecideAction":{"count":846267,"self":12763.0532608,"total":12763.0530688,"children":null},"AgentAct":{"count":846267,"self":74.535129599999991,"total":74.586237,"children":{"AgentInfo.ToProto":{"count":1244,"self":0.0015493999999999998,"total":0.0511055,"children":{"GenerateSensorData":{"count":1244,"self":0.0444892,"total":0.0495561,"children":{"RayPerceptionSensor.Perceive":{"count":4976,"self":0.0050669,"total":0.0050669,"children":null}}}}}}},"AgentInfo.ToProto":{"count":27708,"self":0.028717899999999998,"total":1.2877435,"children":{"GenerateSensorData":{"count":27708,"self":1.0777899,"total":1.2590256,"children":{"RayPerceptionSensor.Perceive":{"count":110832,"self":0.1812357,"total":0.1812357,"children":null}}}}}},"gauges":{"team_ppo.CumulativeReward":{"count":14476,"max":2.01259947,"min":-1.42999983,"runningAverage":1.03830624,"value":-0.92,"weightedAverage":0.365150869},"team_sac.CumulativeReward":{"count":14476,"max":2.01519918,"min":-1.47999978,"runningAverage":-0.5844513,"value":1.58079886,"weightedAverage":0.1924425}},"metadata":{"timer_format_version":"0.1.0","start_time_seconds":"1777379621","unity_version":"2022.3.62f3","command_line_arguments":"D:\\AdvRL\\Self-Proj\\SnowballFight.exe -nographics -batchmode --mlagents-port 5005 -logFile D:\\AdvRL\\Self-Proj\\results\\2vs2\\run_logs\\Player-0.log","communication_protocol_version":"1.5.0","com.unity.ml-agents_version":"2.0.2","scene_name":"2vs2_Training","end_time_seconds":"1777393884"}}